state,start_time,end_time,duration_min,start_lon,start_lat,end_lon,end_lat,source,evidence,candidate_rank
occupied,2025-09-25 00:02:55,2025-09-25 00:13:49,10.9,114.08672,22.539635,114.122355,22.55198,trip row 1,交易/行程记录：00:02:55-00:13:49，里程 4.698 km。,0
cruising,2025-09-25 00:13:49,2025-09-25 00:27:03,13.233333333333333,114.122355,22.55198,114.120267,22.544577,gap row 1->2,两单间空档 13.2 分钟，端点直线距离 0.85 km，按空驶/巡游处理。,0
occupied,2025-09-25 00:27:03,2025-09-25 00:36:13,9.166666666666666,114.120267,22.544577,114.10705,22.554105,trip row 2,交易/行程记录：00:27:03-00:36:13，里程 2.652 km。,0
cruising,2025-09-25 00:36:13,2025-09-25 00:59:22,23.15,114.10705,22.554105,114.12059,22.54408,gap row 2->3,两单间空档 23.1 分钟，端点直线距离 1.78 km，按空驶/巡游处理。,0
occupied,2025-09-25 00:59:22,2025-09-25 01:05:11,5.816666666666666,114.12059,22.54408,114.11704,22.550825,trip row 3,交易/行程记录：00:59:22-01:05:11，里程 1.400 km。,0
cruising,2025-09-25 01:05:11,2025-09-25 01:16:39,11.466666666666667,114.11704,22.550825,114.11809,22.543802,gap row 3->4,两单间空档 11.5 分钟，端点直线距离 0.79 km，按空驶/巡游处理。,0
occupied,2025-09-25 01:16:39,2025-09-25 01:22:30,5.85,114.11809,22.543802,114.117395,22.536812,trip row 4,交易/行程记录：01:16:39-01:22:30，里程 1.711 km。,0
cruising,2025-09-25 01:22:30,2025-09-25 01:23:26,0.9333333333333333,114.117395,22.536812,114.11626,22.535797,gap row 4->5,两单间空档 0.9 分钟，端点直线距离 0.16 km，按空驶/巡游处理。,0
occupied,2025-09-25 01:23:26,2025-09-25 01:34:37,11.183333333333334,114.11626,22.535797,114.070315,22.523652,trip row 5,交易/行程记录：01:23:26-01:34:37，里程 9.210 km。,0
heading,2025-09-25 01:34:37,2025-09-25 01:37:38,3.023187852198257,114.070315,22.523652,114.078395,22.5321745,gap row 5->6,空档前段：从上一单终点向候选充电点移动。,4
recharging,2025-09-25 01:37:38,2025-09-25 02:33:44,56.10362429560349,114.078395,22.5321745,114.078395,22.5321745,gap row 5->6,长时间无交易且估计静止 56.1 分钟。,4
cruising,2025-09-25 02:33:44,2025-09-25 02:36:46,3.023187852198257,114.078395,22.5321745,114.086475,22.540697,gap row 5->6,充电结束后到下一单上车点之间的空驶/巡游。,4
occupied,2025-09-25 02:36:46,2025-09-25 02:44:45,7.983333333333333,114.086475,22.540697,114.116117,22.54195,trip row 6,交易/行程记录：02:36:46-02:44:45，里程 3.772 km。,0
cruising,2025-09-25 02:44:45,2025-09-25 03:08:10,23.416666666666668,114.116117,22.54195,114.11606,22.541975,gap row 6->7,两单间空档 23.4 分钟，端点直线距离 0.01 km，按空驶/巡游处理。,0
occupied,2025-09-25 03:08:10,2025-09-25 03:42:34,34.4,114.11606,22.541975,114.00006,22.65155,trip row 7,交易/行程记录：03:08:10-03:42:34，里程 23.002 km。,0
cruising,2025-09-25 03:42:34,2025-09-25 04:16:02,33.46666666666667,114.00006,22.65155,114.11283,22.611085,gap row 7->8,两单间空档 33.5 分钟，端点直线距离 12.42 km，按空驶/巡游处理。,0
occupied,2025-09-25 04:16:02,2025-09-25 04:30:02,14.0,114.11283,22.611085,114.135632,22.557785,trip row 8,交易/行程记录：04:16:02-04:30:02，里程 8.785 km。,0
cruising,2025-09-25 04:30:02,2025-09-25 04:49:31,19.483333333333334,114.135632,22.557785,114.11934,22.612095,gap row 8->9,两单间空档 19.5 分钟，端点直线距离 6.27 km，按空驶/巡游处理。,0
occupied,2025-09-25 04:49:31,2025-09-25 05:00:02,10.516666666666667,114.11934,22.612095,114.131792,22.633495,trip row 9,交易/行程记录：04:49:31-05:00:02，里程 4.397 km。,0
heading,2025-09-25 05:00:02,2025-09-25 05:12:11,12.153971260080661,114.131792,22.633495,114.120846,22.589087499999998,gap row 9->10,空档前段：从上一单终点向候选充电点移动。,2
recharging,2025-09-25 05:12:11,2025-09-25 06:38:19,86.14205747983867,114.120846,22.589087499999998,114.120846,22.589087499999998,gap row 9->10,长时间无交易且估计静止 86.1 分钟。,2
cruising,2025-09-25 06:38:19,2025-09-25 06:50:29,12.153971260080661,114.120846,22.589087499999998,114.1099,22.54468,gap row 9->10,充电结束后到下一单上车点之间的空驶/巡游。,2
occupied,2025-09-25 06:50:29,2025-09-25 07:00:54,10.416666666666666,114.1099,22.54468,114.114675,22.531222,trip row 10,交易/行程记录：06:50:29-07:00:54，里程 1.737 km。,0
cruising,2025-09-25 07:00:54,2025-09-25 07:16:19,15.416666666666666,114.114675,22.531222,114.124545,22.563777,gap row 10->11,两单间空档 15.4 分钟，端点直线距离 3.76 km，按空驶/巡游处理。,0
occupied,2025-09-25 07:16:19,2025-09-25 07:40:08,23.816666666666666,114.124545,22.563777,114.050035,22.545327,trip row 11,交易/行程记录：07:16:19-07:40:08，里程 9.887 km。,0
cruising,2025-09-25 07:40:08,2025-09-25 07:48:23,8.25,114.050035,22.545327,114.034025,22.550035,gap row 11->12,两单间空档 8.2 分钟，端点直线距离 1.73 km，按空驶/巡游处理。,0
occupied,2025-09-25 07:48:23,2025-09-25 08:16:56,28.55,114.034025,22.550035,114.066765,22.55911,trip row 12,交易/行程记录：07:48:23-08:16:56，里程 7.757 km。,0
cruising,2025-09-25 08:16:56,2025-09-25 08:22:50,5.9,114.066765,22.55911,114.061062,22.56393,gap row 12->13,两单间空档 5.9 分钟，端点直线距离 0.79 km，按空驶/巡游处理。,0
occupied,2025-09-25 08:22:50,2025-09-25 08:39:19,16.483333333333334,114.061062,22.56393,114.025395,22.55594,trip row 13,交易/行程记录：08:22:50-08:39:19，里程 4.395 km。,0
cruising,2025-09-25 08:39:19,2025-09-25 08:49:49,10.5,114.025395,22.55594,114.0185,22.556432,gap row 13->14,两单间空档 10.5 分钟，端点直线距离 0.71 km，按空驶/巡游处理。,0
occupied,2025-09-25 08:49:49,2025-09-25 09:04:09,14.333333333333334,114.0185,22.556432,114.03078,22.529872,trip row 14,交易/行程记录：08:49:49-09:04:09，里程 3.863 km。,0
cruising,2025-09-25 09:04:09,2025-09-25 09:07:49,3.6666666666666665,114.03078,22.529872,114.03481,22.526905,gap row 14->15,两单间空档 3.7 分钟，端点直线距离 0.53 km，按空驶/巡游处理。,0
occupied,2025-09-25 09:07:49,2025-09-25 09:18:48,10.983333333333333,114.03481,22.526905,114.056947,22.54939,trip row 15,交易/行程记录：09:07:49-09:18:48，里程 5.121 km。,0
heading,2025-09-25 09:18:48,2025-09-25 09:22:52,4.077244930422397,114.056947,22.54939,114.0732935,22.5517385,gap row 15->16,空档前段：从上一单终点向候选充电点移动。,9
recharging,2025-09-25 09:22:52,2025-09-25 09:48:30,25.62884347248854,114.0732935,22.5517385,114.0732935,22.5517385,gap row 15->16,长时间无交易且估计静止 25.6 分钟。,9
cruising,2025-09-25 09:48:30,2025-09-25 09:52:35,4.077244930422397,114.0732935,22.5517385,114.08964,22.554087,gap row 15->16,充电结束后到下一单上车点之间的空驶/巡游。,9
occupied,2025-09-25 09:52:35,2025-09-25 10:01:54,9.316666666666666,114.08964,22.554087,114.085132,22.540757,trip row 16,交易/行程记录：09:52:35-10:01:54，里程 2.158 km。,0
cruising,2025-09-25 10:01:54,2025-09-25 10:14:23,12.483333333333333,114.085132,22.540757,114.107585,22.53632,gap row 16->17,两单间空档 12.5 分钟，端点直线距离 2.36 km，按空驶/巡游处理。,0
occupied,2025-09-25 10:14:23,2025-09-25 10:21:05,6.7,114.107585,22.53632,114.115127,22.53843,trip row 17,交易/行程记录：10:14:23-10:21:05，里程 2.187 km。,0
heading,2025-09-25 10:21:05,2025-09-25 10:23:12,2.132460817550345,114.115127,22.53843,114.1210885,22.544221,gap row 17->18,空档前段：从上一单终点向候选充电点移动。,6
recharging,2025-09-25 10:23:12,2025-09-25 10:51:17,28.068411698232644,114.1210885,22.544221,114.1210885,22.544221,gap row 17->18,长时间无交易且估计静止 28.1 分钟。,6
cruising,2025-09-25 10:51:17,2025-09-25 10:53:25,2.132460817550345,114.1210885,22.544221,114.12705,22.550012,gap row 17->18,充电结束后到下一单上车点之间的空驶/巡游。,6
occupied,2025-09-25 10:53:25,2025-09-25 11:02:00,8.583333333333334,114.12705,22.550012,114.14179,22.548207,trip row 18,交易/行程记录：10:53:25-11:02:00，里程 3.009 km。,0
cruising,2025-09-25 11:02:00,2025-09-25 11:15:33,13.55,114.14179,22.548207,114.122535,22.550357,gap row 18->19,两单间空档 13.6 分钟，端点直线距离 1.99 km，按空驶/巡游处理。,0
occupied,2025-09-25 11:15:33,2025-09-25 11:19:55,4.366666666666666,114.122535,22.550357,114.120445,22.538915,trip row 19,交易/行程记录：11:15:33-11:19:55，里程 1.963 km。,0
heading,2025-09-25 11:19:55,2025-09-25 11:23:14,3.320232016193618,114.120445,22.538915,114.117906,22.5511335,gap row 19->20,空档前段：从上一单终点向候选充电点移动。,5
recharging,2025-09-25 11:23:14,2025-09-25 12:02:48,39.57620263427944,114.117906,22.5511335,114.117906,22.5511335,gap row 19->20,长时间无交易且估计静止 39.6 分钟。,5
cruising,2025-09-25 12:02:48,2025-09-25 12:06:08,3.320232016193618,114.117906,22.5511335,114.115367,22.563352,gap row 19->20,充电结束后到下一单上车点之间的空驶/巡游。,5
occupied,2025-09-25 12:06:08,2025-09-25 12:11:29,5.35,114.115367,22.563352,114.120875,22.557675,trip row 20,交易/行程记录：12:06:08-12:11:29，里程 2.448 km。,0
cruising,2025-09-25 12:11:29,2025-09-25 12:17:13,5.733333333333333,114.120875,22.557675,114.11539,22.55404,gap row 20->21,两单间空档 5.7 分钟，端点直线距离 0.69 km，按空驶/巡游处理。,0
occupied,2025-09-25 12:17:13,2025-09-25 12:24:59,7.766666666666667,114.11539,22.55404,114.129357,22.551202,trip row 21,交易/行程记录：12:17:13-12:24:59，里程 2.993 km。,0
heading,2025-09-25 12:24:59,2025-09-25 12:29:09,4.1767533805309665,114.129357,22.551202,114.131182,22.566762,gap row 21->22,空档前段：从上一单终点向候选充电点移动。,3
recharging,2025-09-25 12:29:09,2025-09-25 13:40:23,71.22982657227139,114.131182,22.566762,114.131182,22.566762,gap row 21->22,长时间无交易且估计静止 71.2 分钟。,3
cruising,2025-09-25 13:40:23,2025-09-25 13:44:34,4.1767533805309665,114.131182,22.566762,114.133007,22.582322,gap row 21->22,充电结束后到下一单上车点之间的空驶/巡游。,3
occupied,2025-09-25 13:44:34,2025-09-25 13:48:52,4.3,114.133007,22.582322,114.128985,22.58834,trip row 22,交易/行程记录：13:44:34-13:48:52，里程 1.117 km。,0
cruising,2025-09-25 13:48:52,2025-09-25 13:49:29,0.6166666666666667,114.128985,22.58834,114.129057,22.588442,gap row 22->23,两单间空档 0.6 分钟，端点直线距离 0.01 km，按空驶/巡游处理。,0
occupied,2025-09-25 13:49:29,2025-09-25 14:02:52,13.383333333333333,114.129057,22.588442,114.136667,22.569452,trip row 23,交易/行程记录：13:49:29-14:02:52，里程 3.754 km。,0
cruising,2025-09-25 14:02:52,2025-09-25 14:08:34,5.7,114.136667,22.569452,114.130795,22.574787,gap row 23->24,两单间空档 5.7 分钟，端点直线距离 0.85 km，按空驶/巡游处理。,0
occupied,2025-09-25 14:08:34,2025-09-25 14:17:44,9.166666666666666,114.130795,22.574787,114.12056,22.57562,trip row 24,交易/行程记录：14:08:34-14:17:44，里程 1.978 km。,0
heading,2025-09-25 14:17:44,2025-09-25 14:21:35,3.853959428537656,114.12056,22.57562,114.120195,22.5611825,gap row 24->25,空档前段：从上一单终点向候选充电点移动。,1
recharging,2025-09-25 14:21:35,2025-09-25 17:35:20,193.75874780959137,114.120195,22.5611825,114.120195,22.5611825,gap row 24->25,长时间无交易且估计静止 193.8 分钟。,1
cruising,2025-09-25 17:35:20,2025-09-25 17:39:12,3.853959428537656,114.120195,22.5611825,114.11983,22.546745,gap row 24->25,充电结束后到下一单上车点之间的空驶/巡游。,1
occupied,2025-09-25 17:39:12,2025-09-25 18:04:47,25.583333333333332,114.11983,22.546745,114.130602,22.603967,trip row 25,交易/行程记录：17:39:12-18:04:47，里程 10.307 km。,0
cruising,2025-09-25 18:04:47,2025-09-25 18:21:23,16.6,114.130602,22.603967,114.113857,22.587565,gap row 25->26,两单间空档 16.6 分钟，端点直线距离 2.51 km，按空驶/巡游处理。,0
occupied,2025-09-25 18:21:23,2025-09-25 18:39:56,18.55,114.113857,22.587565,114.131475,22.5612,trip row 26,交易/行程记录：18:21:23-18:39:56，里程 5.612 km。,0
cruising,2025-09-25 18:39:56,2025-09-25 18:51:55,11.983333333333333,114.131475,22.5612,114.127585,22.550055,gap row 26->27,两单间空档 12.0 分钟，端点直线距离 1.30 km，按空驶/巡游处理。,0
occupied,2025-09-25 18:51:55,2025-09-25 18:59:08,7.216666666666667,114.127585,22.550055,114.121822,22.567027,trip row 27,交易/行程记录：18:51:55-18:59:08，里程 2.501 km。,0
cruising,2025-09-25 18:59:08,2025-09-25 19:17:50,18.7,114.121822,22.567027,114.107792,22.567597,gap row 27->28,两单间空档 18.7 分钟，端点直线距离 1.44 km，按空驶/巡游处理。,0
occupied,2025-09-25 19:17:50,2025-09-25 19:29:22,11.533333333333333,114.107792,22.567597,114.116302,22.54901,trip row 28,交易/行程记录：19:17:50-19:29:22，里程 4.038 km。,0
cruising,2025-09-25 19:29:22,2025-09-25 19:34:10,4.8,114.116302,22.54901,114.119175,22.54403,gap row 28->29,两单间空档 4.8 分钟，端点直线距离 0.63 km，按空驶/巡游处理。,0
occupied,2025-09-25 19:34:10,2025-09-25 19:43:09,8.983333333333333,114.119175,22.54403,114.13711,22.546905,trip row 29,交易/行程记录：19:34:10-19:43:09，里程 3.017 km。,0
heading,2025-09-25 19:43:09,2025-09-25 19:45:40,2.5265392932503623,114.13711,22.546905,114.12689,22.54764,gap row 29->30,空档前段：从上一单终点向候选充电点移动。,7
recharging,2025-09-25 19:45:40,2025-09-25 20:13:28,27.796921413499277,114.12689,22.54764,114.12689,22.54764,gap row 29->30,长时间无交易且估计静止 27.8 分钟。,7
cruising,2025-09-25 20:13:28,2025-09-25 20:16:00,2.5265392932503623,114.12689,22.54764,114.11667,22.548375,gap row 29->30,充电结束后到下一单上车点之间的空驶/巡游。,7
occupied,2025-09-25 20:16:00,2025-09-25 20:24:36,8.6,114.11667,22.548375,114.134452,22.5648,trip row 30,交易/行程记录：20:16:00-20:24:36，里程 2.726 km。,0
cruising,2025-09-25 20:24:36,2025-09-25 20:30:58,6.366666666666666,114.134452,22.5648,114.136355,22.5605,gap row 30->31,两单间空档 6.4 分钟，端点直线距离 0.52 km，按空驶/巡游处理。,0
occupied,2025-09-25 20:30:58,2025-09-25 20:36:47,5.816666666666666,114.136355,22.5605,114.128867,22.55071,trip row 31,交易/行程记录：20:30:58-20:36:47，里程 1.437 km。,0
cruising,2025-09-25 20:36:47,2025-09-25 20:37:19,0.5333333333333333,114.128867,22.55071,114.128845,22.55073,gap row 31->32,两单间空档 0.5 分钟，端点直线距离 0.00 km，按空驶/巡游处理。,0
occupied,2025-09-25 20:37:19,2025-09-25 20:46:15,8.933333333333334,114.128845,22.55073,114.11265,22.544,trip row 32,交易/行程记录：20:37:19-20:46:15，里程 1.957 km。,0
cruising,2025-09-25 20:46:15,2025-09-25 20:55:49,9.566666666666666,114.11265,22.544,114.116775,22.548537,gap row 32->33,两单间空档 9.6 分钟，端点直线距离 0.66 km，按空驶/巡游处理。,0
occupied,2025-09-25 20:55:49,2025-09-25 21:06:36,10.783333333333333,114.116775,22.548537,114.124287,22.5735,trip row 33,交易/行程记录：20:55:49-21:06:36，里程 3.566 km。,0
heading,2025-09-25 21:06:36,2025-09-25 21:08:46,2.1780631102996324,114.124287,22.5735,114.11594099999999,22.5708135,gap row 33->34,空档前段：从上一单终点向候选充电点移动。,8
recharging,2025-09-25 21:08:46,2025-09-25 21:35:28,26.693873779400736,114.11594099999999,22.5708135,114.11594099999999,22.5708135,gap row 33->34,长时间无交易且估计静止 26.7 分钟。,8
cruising,2025-09-25 21:35:28,2025-09-25 21:37:39,2.1780631102996324,114.11594099999999,22.5708135,114.107595,22.568127,gap row 33->34,充电结束后到下一单上车点之间的空驶/巡游。,8
occupied,2025-09-25 21:37:39,2025-09-25 21:42:24,4.75,114.107595,22.568127,114.103877,22.56087,trip row 34,交易/行程记录：21:37:39-21:42:24，里程 1.029 km。,0
cruising,2025-09-25 21:42:24,2025-09-25 21:47:02,4.633333333333334,114.103877,22.56087,114.10411,22.552862,gap row 34->35,两单间空档 4.6 分钟，端点直线距离 0.89 km，按空驶/巡游处理。,0
occupied,2025-09-25 21:47:02,2025-09-25 22:01:34,14.533333333333333,114.10411,22.552862,114.130805,22.549335,trip row 35,交易/行程记录：21:47:02-22:01:34，里程 3.891 km。,0
cruising,2025-09-25 22:01:34,2025-09-25 22:07:45,6.183333333333334,114.130805,22.549335,114.128622,22.550255,gap row 35->36,两单间空档 6.2 分钟，端点直线距离 0.25 km，按空驶/巡游处理。,0
occupied,2025-09-25 22:07:45,2025-09-25 22:13:55,6.166666666666667,114.128622,22.550255,114.13745,22.55575,trip row 36,交易/行程记录：22:07:45-22:13:55，里程 1.592 km。,0
cruising,2025-09-25 22:13:55,2025-09-25 22:40:38,26.716666666666665,114.13745,22.55575,114.11671,22.548532,gap row 36->37,两单间空档 26.7 分钟，端点直线距离 2.28 km，按空驶/巡游处理。,0
occupied,2025-09-25 22:40:38,2025-09-25 22:49:51,9.216666666666667,114.11671,22.548532,114.131765,22.574662,trip row 37,交易/行程记录：22:40:38-22:49:51，里程 4.279 km。,0
cruising,2025-09-25 22:49:51,2025-09-25 22:58:06,8.25,114.131765,22.574662,114.13465,22.565465,gap row 37->38,两单间空档 8.2 分钟，端点直线距离 1.06 km，按空驶/巡游处理。,0
occupied,2025-09-25 22:58:06,2025-09-25 23:05:57,7.85,114.13465,22.565465,114.122057,22.544927,trip row 38,交易/行程记录：22:58:06-23:05:57，里程 2.901 km。,0
cruising,2025-09-25 23:05:57,2025-09-25 23:10:52,4.916666666666667,114.122057,22.544927,114.12118,22.543455,gap row 38->39,两单间空档 4.9 分钟，端点直线距离 0.19 km，按空驶/巡游处理。,0
occupied,2025-09-25 23:10:52,2025-09-25 23:23:17,12.416666666666666,114.12118,22.543455,114.056832,22.537555,trip row 39,交易/行程记录：23:10:52-23:23:17，里程 7.770 km。,0
cruising,2025-09-25 23:23:17,2025-09-25 23:35:18,12.016666666666667,114.056832,22.537555,114.086422,22.540685,gap row 39->40,两单间空档 12.0 分钟，端点直线距离 3.06 km，按空驶/巡游处理。,0
occupied,2025-09-25 23:35:18,2025-09-25 23:59:51,24.55,114.086422,22.540685,114.158397,22.608732,trip row 40,交易/行程记录：23:35:18-23:59:51，里程 15.361 km。,0
